,Nombre,Precio
0,Huawei P40 Pro 128gb,U$S300
1,Huawei P30 Pro 128gb,U$S150
2,Huawei Mate 20 Pro 128gb,U$S200
3,Huawei Mate 30 Pro 128gb,U$S300
4,Huawei Mate 20 Pro,U$S200
5,Display Huawei Y7 2018 Lcd Touch Screen Nuevos,₲157.000
6,Huawei P40 Pro 128gb,U$S300
7,Huawei P40 Pro 128gb,U$S300
8,Huawei Mate 30 Pro,U$S300
9,Huawei Mate 20 Pro 128gb,U$S200
10,Huawei P30 Pro - 128gb - Azul Medianoche (desbloqueado),U$S350
11,100% Nuevo Huawei Mate 20 Pro 128gb,U$S220
12,Huawei Mate 20 Pro,U$S200
13,Huawei P30 Pro 128gb,U$S200
14,Huawei P30 Pro 128gb,U$S200
15,Huawei P40 Pro 256 Gb + 8gb Ram (vog-l29) 50mp Lte Fábrica,U$S300
16,Vendo Router Wifi Portatil Huawei Para Personal,₲650.000
17,100% Auténtico Huawei Y9 Prime 128gb,U$S250
18,Huawei P40 Pro 256 Gb + 8gb Ram (vog-l29) 50mp Lte Fábrica,U$S300
19,Celular Hawuei P20 Lite 32 Gb,₲700
20,Celular Huawei Y9s 128gb 6ram,U$S250
21,Huawei P40 Pro Plus,U$S800
22,Huawei Mate 40 Pro (desbloqueado) Sellado,U$S440
23,"Original Huawei P20 Pro 128gb ,6gb Ram En Stock",U$S280
24,Huawei Matebook Pro X 13.9 Laptop 2019 I7,₲10.300.500
25,Huawei P40 Pro,U$S500
26,Huawei Mate 30 Pro 5g/lte 8gb Ram 256gb Kirin 990 5g,U$S600
27,Huawei Honor 30 Pro ,U$S500
28,Reloj Inteligente Amazfit Gts A1914,₲530.000
29,Huawei P40 Pro 5g - 256gb - Silver (desbloqueado) (dual Sim,U$S350
30,Nuevo Huawei P30 Pro 256gb 8gb Unlcoked,U$S480
31,Huawei P40 Pro 5g/lte 8gb Ram 256gb Kirin 990 5g Desbloquead,U$S400
32,Huawei P30 Pro 128gb,U$S200
33,Porsche Design Huawei Mate 10 Pro Brand New In Box Sealed.,U$S200
34,New Huawei Mate 30 Pro 5g,U$S600
35,Huawei Mate 40 Pro,U$S700
36,Huawei Mate 40 Pro 5g 256gb/8gb Ram International Version ,U$S800
37,Huawei P30 Pro/ P40 Lite/ P40 Pro/ Mate 40 Y 30 Pro,U$S230
38,Nuevo Huawei P20 Pro Clt-l09 - 128gb - Twilight Unlocked,U$S250
39,100% Nuevo Huawei Mate 20 Pro 128gb,U$S230
40,Huawei Mate 30 Pro Original De 256 Gb Sellado Sin Abrir,U$S520
41, New Huawei P40 Pro Unlocked Silver Frost ,U$S600
42, Huawei P40 Pro Plus 512gb + 12gb Ram ,U$S700
43,Huawei P30 Pro/ P40 Lite/ P40 Pro/ Mate 40 Y 30 Pro,U$S230
44,Huawei P30 Pro/ P40 Lite/ P40 Pro/ Mate 40 Y 30 Pro,U$S230
45,Nuevo  Huawei P30 Pro 256gb Factory Unlocked,U$S430
46,Original Mate 20 Pro 128gb Desbloqueado,U$S350
47,Huawei P30 Pro - 128gb - Azul Medianoche (desbloqueado),U$S350
48,Nuevo Huawei Honor View 10 V10 Red 128gb Dual Sim 4g Lte.,U$S200
49,Huawei P40 5g Dual-sim Silver Factory Unlocked  ,U$S500
